Item Name,Price
Coappsuiop Microfiber Absorbent Car Cleaning Towels Car Wash TowelsCleaning Towels Multifunctional Car Cleaning Towels,3.89
coappsuiop microfiber absorbent car cleaning towels car wash towelscleaning towels multifunctional car cleaning towels,4.89
4Pcs Towel Bands Silicone Beach Towel Bands Stretchable Towel Bands Trash Can Strap,5.39
4Pcs Towel Bands Silicone Beach Towel Bands Stretchable Towel Bands Trash Can Strap,6.06
Disposable towel 20pcs Traveling Disposable Compressed Towel Mini One-time Facial Cleaning Towel,6.15
4Pcs Towel Bands Silicone Beach Towel Bands Stretchable Towel Bands Trash Can Strap,7.11
Tebru Face Cleaning Towel Facial Wipes Towel 2 Colors Face Cleaning Towel Makeup Remover Cloth Skin Care Wipes Towel,7.47
AOKID Towel 2Pcs Cleaning Towel Durable No-Scratch Microfiber Household Car Cleaning Towel for Car,7.69
Disposable facial towels 1 Pack of 100 Sheets Disposable Facial Towels Natural Pure Cotton Fiber Face Cleaning Towel Comfortable Face Washcloth Extraction Type Face Wipes Non-woven Cosmetic Cotton T,7.91
4Pcs Towel Bands Silicone Beach Towel Bands Stretchable Towel Bands Trash Can Strap,8.85
4Pcs Towel Bands Silicone Beach Towel Bands Stretchable Towel Bands Trash Can Strap,8.99
WANYNG Rapided Drying Hair Towel Microfiber Quick Magic Hair Dry Hat Wrapped Towel Paper Towels Bounty Select A Size 12 Rolls,9.99
1 Pack of 100 Sheets Disposable Facial Towels Natural Pure Cotton Fiber Face Cleaning Towel Comfortable Face Washcloth Extraction Type Face Wipes Non-woven Cosmetic Cotton Towels,9.99
Disposable facial towels 3Pcs of 240 Sheets Dry and Wet Facial Towels Natural Nonwovens Face Cleaning Towel Comfortable Face Washcloth Disposable Face Wipes (White),10.55
Cotton Facial Cleaning Makeup Tissue Face Towel Pads Towel Removal Towels Disposable Disposable Tissue,10.79
Car wash towel 3PCS 30x40cm Microfiber Drying Towel Cleaning Towel Vehicle Car Window Cleaning Cloth Washing Fabric (Brown),12.74
Disposable facial towels 5 Bag of Retentive Tissue Flexible Napkin Dry and Wet Facial Towel Natural Bamboo Face Cleaning Towel Comfortable Face Washcloth Disposable Face Wipes (White),12.74
Yannee Microfiber Towel Towel Clean Towels Hemming Soft Thick for Car Care Wax Polish,32.69
"WINGITS WMETBPS12 Towel Bar,Chrome,Modern Elegance,12In",61.59
Randolph Morris Portable Spa Towel Warmer and Bath Towel Set TOWEL-SPA-GIFT-1W-GT,185
